id,first_name,last_name,email,gender,ip_address
1,Edeline,Frenzel;,efrenzel0@auda.org.au,Female,247.216.87.150
2,Becky,Mathieson,bmathieson1@gravatar.com,Female,84.112.114.151
3,Beryl,Kersey,bkersey2@tmall.com,Female,126.232.135.232
4,West,Dorn,wdorn3@devhub.com,Male,179.243.74.185
5,Eydie,Nyssen,enyssen4@plala.or.jp,Female,20.196.205.241
6,Auberta,Watkinson,awatkinson5@quantcast.com,Female,62.140.50.181
7,Myca,Biasioli,mbiasioli6@google.com.au,Male,253.135.59.250
8,Jerrie,Digle,jdigle7@msn.com,Male,28.160.63.107
9,Cariotta,Skuse,cskuse8@soundcloud.com,Female,197.185.45.156
10,Bill,Southan,bsouthan9@washingtonpost.com,Male,250.247.18.53
11,Derick,Worthing,dworthinga@umn.edu,Male,67.95.80.130
12,Burgess,Shortan,bshortanb@amazon.co.uk,Genderfluid,87.173.226.3
13,Dunn,Binns,dbinnsc@pagesperso-orange.fr,Male,138.244.12.146
14,Prudy,Ganley,pganleyd@bbc.co.uk,Female,43.78.38.101
15,Terry,Upjohn,tupjohne@about.com,Female,0.219.191.174
16,Aundrea,Prandini,aprandinif@nytimes.com,Female,213.142.140.133
17,Joye,Chelsom,jchelsomg@si.edu,Female,234.111.111.248
18,Luelle,Visick,lvisickh@addtoany.com,Female,132.56.193.36
19,Laverna,Farnish,lfarnishi@lulu.com,Genderfluid,73.98.152.133
20,Arlyn,Convery,aconveryj@pen.io,Female,54.110.210.23
21,Griswold,Clohessy,gclohessyk@xing.com,Male,167.238.7.113
22,Jelene,Ollivier,jollivierl@qq.com,Female,146.254.185.67
23,Bonnie,Cripps,bcrippsm@wisc.edu,Female,111.53.137.27
24,Stephie,De Pietri,sdepietrin@goo.gl,Female,217.104.187.155
25,Ches,Creech,ccreecho@cnbc.com,Male,44.170.212.95
26,Lianne,Gaskarth,lgaskarthp@yellowbook.com,Female,106.145.115.184
27,Eziechiele,Buncher,ebuncherq@jiathis.com,Male,254.57.198.220
28,Dorian,Southcoat,dsouthcoatr@4shared.com,Female,54.223.79.242
29,Lolita,Trevaskis,ltrevaskiss@ocn.ne.jp,Bigender,92.203.225.5
30,Laney,Sauvage,lsauvaget@youtu.be,Male,5.191.52.190
31,Penny,Sneezum,psneezumu@microsoft.com,Female,13.193.150.85
32,Freddy,Heart,fheartv@cyberchimps.com,Female,233.80.7.19
33,Jacynth,Dominichelli,jdominichelliw@reverbnation.com,Female,27.58.212.192
34,Betsy,Molineux,bmolineuxx@amazon.com,Female,86.24.131.90
35,Arlyn,Parlor,aparlory@ed.gov,Female,187.182.107.34
36,Royal,Petriello,rpetrielloz@theguardian.com,Non-binary,53.240.228.12
37,Kathye,McKenna,kmckenna10@t-online.de,Bigender,0.154.102.48
38,Tabor,Gilphillan,tgilphillan11@about.com,Male,219.240.45.253
39,Wilone,Singyard,wsingyard12@vistaprint.com,Female,90.214.66.60
40,Kit,Canny,kcanny13@163.com,Male,44.245.131.30
41,Gail,Axtell,gaxtell14@phpbb.com,Female,111.247.187.103
42,Gaelan,Adan,gadan15@foxnews.com,Male,114.59.49.121
43,Sid,MacQueen,smacqueen16@cocolog-nifty.com,Male,85.72.65.50
44,Merci,Chart,mchart17@engadget.com,Female,194.92.48.141
45,Cole,Chatelot,cchatelot18@reuters.com,Male,59.146.46.187
46,Clemente,O'Teague,coteague19@miitbeian.gov.cn,Male,25.28.246.203
47,Lefty,Duddan,lduddan1a@gravatar.com,Male,197.234.204.202
48,Harrison,Durram,hdurram1b@soundcloud.com,Male,3.168.201.199
49,Ryley,Tothacot,rtothacot1c@paginegialle.it,Male,229.56.223.194
50,Tate,Maylor,tmaylor1d@example.com,Male,236.49.64.62
51,Romain,McSkeagan,rmcskeagan1e@multiply.com,Male,93.187.116.65
52,Giraldo,Klimontovich,gklimontovich1f@vkontakte.ru,Male,95.100.141.252
53,Tammi,Piel,tpiel1g@wordpress.org,Female,57.60.50.135
54,Kimmy,Geerits,kgeerits1h@booking.com,Female,34.132.247.139
55,Bertie,Chisholm,bchisholm1i@washingtonpost.com,Female,24.116.80.21
56,Tammy,Lednor,tlednor1j@sciencedirect.com,Male,158.136.20.171
57,Melba,Colcomb,mcolcomb1k@yellowpages.com,Female,100.50.144.27
58,Benito,Hazlegrove,bhazlegrove1l@google.it,Male,181.143.51.0
59,Carce,Marchetti,cmarchetti1m@stumbleupon.com,Male,80.189.121.20
60,Rockwell,Oakeby,roakeby1n@reverbnation.com,Male,253.14.217.30
61,Ignacius,Antoniewski,iantoniewski1o@intel.com,Male,204.254.44.93
62,Prince,Matchell,pmatchell1p@goo.ne.jp,Male,122.76.235.200
63,Pen,Painswick,ppainswick1q@ed.gov,Female,84.203.241.157
64,Ardeen,Grason,agrason1r@springer.com,Female,228.239.194.136
65,Fredric,Egdell,fegdell1s@springer.com,Male,4.252.102.53
66,Hedvig,Hayen,hhayen1t@washington.edu,Female,2.46.114.114
67,Genovera,Pumphrey,gpumphrey1u@t-online.de,Female,155.120.94.244
68,Roderich,Botton,rbotton1v@google.co.uk,Bigender,193.179.187.163
69,Fransisco,Lescop,flescop1w@cpanel.net,Male,99.54.144.40
70,Etta,Giffin,egiffin1x@tripadvisor.com,Female,19.243.56.131
71,Addison,McPeeters,amcpeeters1y@wikia.com,Male,250.65.131.23
72,Arturo,Childrens,achildrens1z@netvibes.com,Male,238.230.16.251
73,Dorisa,Clover,dclover20@theguardian.com,Genderqueer,185.35.157.75
74,Atlante,Kidder,akidder21@house.gov,Polygender,108.255.212.237
75,Odella,Kerrod,okerrod22@arstechnica.com,Female,169.211.99.176
76,Rafaellle,Gallahue,rgallahue23@usnews.com,Male,164.229.238.91
77,Hedi,Rappaport,hrappaport24@bravesites.com,Female,164.118.208.219
78,Laural,Sweetman,lsweetman25@com.com,Female,157.252.59.33
79,Burtie,Oddey,boddey26@godaddy.com,Male,149.93.225.143
80,Sheelagh,Ithell,sithell27@liveinternet.ru,Female,59.174.85.65
81,Dahlia,Heistermann,dheistermann28@yahoo.com,Female,103.182.29.222
82,Carmelia,Seton,cseton29@delicious.com,Bigender,52.189.155.75
83,Penny,Kinnoch,pkinnoch2a@desdev.cn,Female,14.56.103.118
84,Felix,Rutherforth,frutherforth2b@marketwatch.com,Genderqueer,222.34.79.9
85,Symon,Mistry,smistry2c@goodreads.com,Male,150.80.17.248
86,Toiboid,Messingham,tmessingham2d@sitemeter.com,Male,66.175.45.107
87,Theodor,Smart,tsmart2e@time.com,Male,232.44.24.107
88,Hammad,Schottli,hschottli2f@cbslocal.com,Genderfluid,70.97.173.68
89,Casar,Malkin,cmalkin2g@gov.uk,Male,177.2.9.174
90,Leigh,Merrydew,lmerrydew2h@apple.com,Polygender,66.170.84.125
91,Gregoor,Axtell,gaxtell2i@yale.edu,Male,82.232.117.211
92,Nelly,Melloi,nmelloi2j@sakura.ne.jp,Female,113.253.106.54
93,Jethro,Scoggan,jscoggan2k@soup.io,Male,116.82.211.26
94,Evangelia,Itzcovichch,eitzcovichch2l@spotify.com,Female,84.20.218.134
95,Kyle,Jacke,kjacke2m@dot.gov,Male,255.222.237.214
96,Christiane,Oliver,coliver2n@netvibes.com,Female,151.46.30.159
97,Isadora,Grayham,igrayham2o@chicagotribune.com,Female,171.162.119.143
98,Caryl,Eallis,ceallis2p@over-blog.com,Male,122.191.136.23
99,Wiatt,Pawlick,wpawlick2q@zdnet.com,Male,240.198.38.9
100,Lucie,Hendrickx,lhendrickx2r@ed.gov,Female,56.228.141.102
101,Johnnie,Picton,jpicton2s@kickstarter.com,Male,189.2.109.13
102,Kaylyn,Sergeant,ksergeant2t@naver.com,Female,159.248.160.192
103,Diego,Criple,dcriple2u@wikia.com,Male,0.152.123.227
104,Nero,Cordeiro,ncordeiro2v@uiuc.edu,Genderfluid,89.242.105.52
105,Ulberto,Thoumas,uthoumas2w@alexa.com,Male,231.103.70.255
106,Bartholomeus,Pendleberry,bpendleberry2x@hhs.gov,Genderqueer,118.62.27.234
107,Torry,Dorrington,tdorrington2y@google.nl,Male,161.240.10.228
108,Bree,Bertolaccini,bbertolaccini2z@indiegogo.com,Female,250.30.26.169
109,Mandel,Arstingall,marstingall30@upenn.edu,Male,191.86.188.23
110,Any,Ogilby,aogilby31@buzzfeed.com,Male,83.93.219.52
111,Junie,Marzellano,jmarzellano32@creativecommons.org,Female,254.158.98.15
112,Lezley,Kidstone,lkidstone33@businessweek.com,Male,242.182.22.230
113,Cedric,Du Fray,cdufray34@plala.or.jp,Male,53.101.1.176
114,Corbin,Crady,ccrady35@jigsy.com,Male,143.153.150.154
115,Annecorinne,Lawrenceson,alawrenceson36@nationalgeographic.com,Female,30.42.112.182
116,Ronalda,Woodstock,rwoodstock37@mac.com,Female,215.134.134.113
117,Renata,Cash,rcash38@jiathis.com,Female,171.225.228.146
118,Margalo,Agus,magus39@webmd.com,Female,222.143.37.41
119,Lamar,Roundtree,lroundtree3a@amazon.co.jp,Male,69.229.204.13
120,Kirby,Engley,kengley3b@forbes.com,Agender,164.141.188.253
121,Tish,Madner,tmadner3c@usa.gov,Female,133.95.244.61
122,Nelly,Cobelli,ncobelli3d@prlog.org,Female,193.253.174.46
123,Indira,Frobisher,ifrobisher3e@creativecommons.org,Female,122.152.46.27
124,Rikki,Tousy,rtousy3f@springer.com,Female,17.80.52.154
125,Cchaddie,Guitel,cguitel3g@boston.com,Male,56.80.69.172
126,Renault,Januszewski,rjanuszewski3h@smugmug.com,Genderqueer,13.80.103.225
127,Urson,Crosse,ucrosse3i@baidu.com,Male,125.168.167.179
128,Bernie,Berrey,bberrey3j@intel.com,Female,215.143.161.78
129,Letty,Tomich,ltomich3k@twitter.com,Female,212.70.44.178
130,Tamarra,Holtaway,tholtaway3l@themeforest.net,Female,136.168.132.50
131,Dora,Romke,dromke3m@symantec.com,Female,221.62.187.222
132,Connor,Myles,cmyles3n@china.com.cn,Male,149.72.142.49
133,Karole,Waterhous,kwaterhous3o@cbsnews.com,Female,148.246.68.196
134,Abba,McKeowon,amckeowon3p@booking.com,Male,88.99.67.2
135,Tymon,Dowears,tdowears3q@hhs.gov,Male,43.196.7.248
136,Melosa,Dreschler,mdreschler3r@barnesandnoble.com,Female,45.254.239.225
137,Tab,Strass,tstrass3s@earthlink.net,Male,131.151.119.210
138,Dewain,McCoish,dmccoish3t@ezinearticles.com,Male,252.84.71.218
139,Fidelia,Fante,ffante3u@businesswire.com,Female,225.173.218.35
140,Wang,MacPaik,wmacpaik3v@wordpress.org,Male,171.55.92.49
141,Dulcinea,Olesen,dolesen3w@yellowbook.com,Female,179.253.244.77
142,Jamima,Kellogg,jkellogg3x@yolasite.com,Female,252.201.63.120
143,Elsa,Driffield,edriffield3y@netvibes.com,Female,244.75.218.17
144,Dalt,Rumble,drumble3z@jigsy.com,Male,46.82.116.195
145,Bobbe,Copcote,bcopcote40@purevolume.com,Female,192.229.199.69
146,Stavros,Ronca,sronca41@livejournal.com,Male,118.62.250.104
147,Ulick,Dorman,udorman42@state.tx.us,Male,192.195.7.35
148,Shaun,Prott,sprott43@fc2.com,Male,193.119.198.135
149,Bride,Issitt,bissitt44@va.gov,Female,180.122.245.166
150,Emily,Garaway,egaraway45@ow.ly,Female,141.125.79.175
151,Alvy,Bonfield,abonfield46@discuz.net,Male,95.28.153.226
152,Margalo,Mayze,mmayze47@state.gov,Female,242.217.132.164
153,Kania,Syphas,ksyphas48@usatoday.com,Female,192.233.224.94
154,Daniella,Oppery,doppery49@delicious.com,Female,118.243.49.26
155,Kathrine,Baskerville,kbaskerville4a@cafepress.com,Female,191.124.191.116
156,Beatrix,Josephy,bjosephy4b@google.fr,Female,189.228.190.81
157,Reider,Hugk,rhugk4c@mysql.com,Male,247.74.133.196
158,Clarissa,Vedenichev,cvedenichev4d@nba.com,Female,201.79.43.79
159,Towny,Barok,tbarok4e@bloglines.com,Male,145.179.49.57
160,Annabel,Renshall,arenshall4f@biglobe.ne.jp,Female,201.50.33.122
161,Bevin,Baynton,bbaynton4g@123-reg.co.uk,Male,143.228.24.73
162,Drusy,Fain,dfain4h@ihg.com,Female,250.207.11.117
163,Wilhelm,Rand,wrand4i@cbc.ca,Male,131.188.221.90
164,Legra,Sherratt,lsherratt4j@imgur.com,Female,61.240.45.64
165,Web,Beiderbecke,wbeiderbecke4k@statcounter.com,Male,177.167.56.24
166,Ginger,Warrender,gwarrender4l@tmall.com,Male,253.251.78.34
167,Rancell,Waything,rwaything4m@domainmarket.com,Bigender,18.84.4.91
168,Vince,Billiard,vbilliard4n@tripadvisor.com,Male,183.208.170.173
169,Germayne,Sleaford,gsleaford4o@bloomberg.com,Male,177.59.165.126
170,Leora,Roubay,lroubay4p@over-blog.com,Female,65.169.133.59
171,Leo,Whicher,lwhicher4q@netscape.com,Male,155.119.111.53
172,Robbie,Harrod,rharrod4r@goodreads.com,Male,181.90.34.239
173,Nickola,Millican,nmillican4s@purevolume.com,Male,53.44.159.71
174,Marcel,Lippard,mlippard4t@delicious.com,Male,155.75.171.6
175,Vanna,Engeham,vengeham4u@hatena.ne.jp,Female,220.82.125.175
176,Justen,MacRannell,jmacrannell4v@washington.edu,Genderqueer,250.43.9.30
177,Carver,Thombleson,cthombleson4w@nbcnews.com,Male,181.169.247.148
178,Constantino,Dilland,cdilland4x@multiply.com,Male,249.219.133.166
179,Annadiane,Heinl,aheinl4y@latimes.com,Female,25.76.26.105
180,Noell,Strotton,nstrotton4z@nifty.com,Female,133.228.141.17
181,Claudio,Hambric,chambric50@addtoany.com,Male,210.228.124.134
182,Kirk,Stringman,kstringman51@indiegogo.com,Agender,47.244.150.65
183,Archer,Hattiff,ahattiff52@europa.eu,Polygender,121.115.163.73
184,Pammi,McEvilly,pmcevilly53@addthis.com,Bigender,147.90.199.190
185,Magdalene,Burth,mburth54@cocolog-nifty.com,Female,73.166.235.193
186,Harrison,Mingasson,hmingasson55@cloudflare.com,Male,21.95.49.25
187,Sue,Manueau,smanueau56@harvard.edu,Female,216.165.171.180
188,Lydon,Plunkett,lplunkett57@free.fr,Male,152.240.10.111
189,Kerri,Cham,kcham58@tripod.com,Female,175.15.158.64
190,Gerrard,Cardero,gcardero59@bbc.co.uk,Male,10.255.164.187
191,Chloris,Jonke,cjonke5a@hibu.com,Female,113.252.201.246
192,Annabelle,Doylend,adoylend5b@youtu.be,Female,185.23.40.185
193,Roosevelt,Irwin,rirwin5c@tmall.com,Male,39.83.118.91
194,Ardine,Lawee,alawee5d@comcast.net,Female,40.29.16.46
195,Tobias,Forrestall,tforrestall5e@goodreads.com,Male,249.10.24.30
196,Archibaldo,Cuttell,acuttell5f@gravatar.com,Male,126.97.137.235
197,Cly,Lodin,clodin5g@eepurl.com,Male,108.59.156.121
198,Phillida,MacRitchie,pmacritchie5h@bravesites.com,Female,232.125.121.138
199,Bernarr,Andrivel,bandrivel5i@delicious.com,Male,72.51.225.96
200,Cindra,Jiggins,cjiggins5j@archive.org,Female,52.115.216.120
201,Luca,Songhurst,lsonghurst5k@storify.com,Male,32.112.164.235
202,Guillaume,Aloshkin,galoshkin5l@comsenz.com,Male,179.89.9.236
203,Jeramie,Rama,jrama5m@prlog.org,Male,120.244.53.197
204,Mia,Laughnan,mlaughnan5n@wsj.com,Female,165.178.127.176
205,Ryann,Jamary,rjamary5o@army.mil,Female,214.88.66.47
206,Tony,Priditt,tpriditt5p@eventbrite.com,Female,161.23.79.38
207,Matthaeus,Costan,mcostan5q@aboutads.info,Male,76.221.237.201
208,Kynthia,Verson,kverson5r@oakley.com,Female,5.117.205.46
209,Tasha,Quesne,tquesne5s@sakura.ne.jp,Female,205.73.28.34
210,Erroll,Gorey,egorey5t@phpbb.com,Male,212.80.133.168
211,Lori,Behn,lbehn5u@squidoo.com,Female,44.36.220.244
212,Tuesday,Szapiro,tszapiro5v@homestead.com,Female,197.150.80.204
213,Sutherland,Bern,sbern5w@cornell.edu,Male,245.127.140.137
214,Florida,Gary,fgary5x@amazon.com,Female,126.30.166.65
215,Mariann,Colin,mcolin5y@paypal.com,Female,120.164.154.69
216,Josi,Burgill,jburgill5z@woothemes.com,Female,18.200.138.115
217,Sherwin,Grevatt,sgrevatt60@comsenz.com,Male,189.122.248.131
218,Chandra,Polye,cpolye61@last.fm,Female,89.27.187.67
219,Cassandre,Pinchbeck,cpinchbeck62@freewebs.com,Female,184.48.157.234
220,Sibbie,Crosse,scrosse63@sbwire.com,Female,97.74.102.199
221,Roseanne,McCotter,rmccotter64@unblog.fr,Female,31.3.39.20
222,Robena,Fildes,rfildes65@hatena.ne.jp,Female,52.68.242.158
223,Leonid,Simonson,lsimonson66@instagram.com,Male,195.166.135.218
224,Otho,Neles,oneles67@t-online.de,Male,131.35.105.14
225,Ulrikaumeko,Meriel,umeriel68@e-recht24.de,Female,168.117.87.154
226,Gallard,Giggie,ggiggie69@mail.ru,Male,70.11.9.169
227,Lind,Oswick,loswick6a@example.com,Male,181.26.17.68
228,Son,Renish,srenish6b@princeton.edu,Male,75.28.212.146
229,Andrew,Danilenko,adanilenko6c@craigslist.org,Male,120.254.10.9
230,Prissie,Pretious,ppretious6d@free.fr,Female,248.180.109.65
231,Camey,Steptowe,csteptowe6e@army.mil,Male,25.254.59.147
232,Ailsun,Barlace,abarlace6f@4shared.com,Female,63.200.41.192
233,Mavra,Poncet,mponcet6g@canalblog.com,Female,22.170.33.190
234,Laurella,Noke,lnoke6h@wix.com,Female,153.195.55.100
235,Barbabas,Folland,bfolland6i@shutterfly.com,Male,94.74.40.54
236,Marmaduke,Jermey,mjermey6j@imdb.com,Male,236.78.156.65
237,Curt,Dellenty,cdellenty6k@altervista.org,Male,197.60.208.37
238,Morganica,Dowdeswell,mdowdeswell6l@networksolutions.com,Female,226.38.30.228
239,Carmen,Britch,cbritch6m@reference.com,Female,141.98.1.149
240,Jeane,Gullivent,jgullivent6n@sina.com.cn,Female,139.104.132.51
241,Whitman,Strelitzki,wstrelitzki6o@amazon.co.uk,Male,170.32.144.36
242,Torrin,Riccetti,triccetti6p@gizmodo.com,Male,80.66.35.160
243,Allard,Blandamere,ablandamere6q@jimdo.com,Male,254.220.132.105
244,Trever,Routhorn,trouthorn6r@yandex.ru,Male,250.249.98.64
245,Rriocard,Darlaston,rdarlaston6s@etsy.com,Male,40.117.58.218
246,Faydra,Lempke,flempke6t@npr.org,Female,90.68.56.249
247,Dimitri,Tittershill,dtittershill6u@cocolog-nifty.com,Male,61.10.103.170
248,Mireille,Godart,mgodart6v@newsvine.com,Female,4.153.8.66
249,Celie,Harmston,charmston6w@alibaba.com,Female,156.248.182.254
250,Sibelle,Collibear,scollibear6x@wikimedia.org,Female,111.27.72.233
251,Deina,Gibbeson,dgibbeson6y@disqus.com,Female,4.161.85.163
252,Gabbey,Silber,gsilber6z@google.ca,Female,229.179.143.58
253,Ladonna,Forman,lforman70@list-manage.com,Female,197.247.194.123
254,Lyn,Collett,lcollett71@hao123.com,Female,188.43.196.15
255,Ferne,Gransden,fgransden72@gnu.org,Female,28.234.82.199
256,Emery,Sacks,esacks73@mashable.com,Male,174.5.188.103
257,Quintus,Maylin,qmaylin74@cam.ac.uk,Male,26.236.144.242
258,Flor,Patesel,fpatesel75@dedecms.com,Female,31.191.190.251
259,Mead,Royds,mroyds76@prweb.com,Polygender,100.80.236.99
260,Marlowe,Goodlad,mgoodlad77@diigo.com,Male,105.11.142.29
261,Madel,Redferne,mredferne78@ihg.com,Polygender,223.242.34.18
262,Ray,O'Sharry,rosharry79@domainmarket.com,Female,83.157.67.15
263,Fabien,Beggin,fbeggin7a@technorati.com,Male,138.10.174.68
264,Washington,Rishman,wrishman7b@ftc.gov,Male,172.223.21.88
265,Fidelio,Cankett,fcankett7c@gmpg.org,Male,148.56.197.6
266,Tobie,Danahar,tdanahar7d@sourceforge.net,Male,230.12.39.216
267,Trent,Mallon,tmallon7e@reference.com,Male,0.169.72.47
268,Nadeen,Righy,nrighy7f@rakuten.co.jp,Female,62.76.238.182
269,Ben,Duligall,bduligall7g@diigo.com,Bigender,55.30.74.103
270,Hercule,Pennrington,hpennrington7h@adobe.com,Male,70.57.163.179
271,Salvidor,Gelderd,sgelderd7i@360.cn,Male,182.93.244.165
272,Hymie,Gertray,hgertray7j@sohu.com,Bigender,151.11.138.214
273,Cleveland,Milsom,cmilsom7k@deliciousdays.com,Male,135.136.104.198
274,Delphine,Risbrough,drisbrough7l@usa.gov,Female,130.20.218.177
275,Elinore,Emsden,eemsden7m@businessweek.com,Genderqueer,87.53.23.106
276,Ketti,Satterly,ksatterly7n@patch.com,Female,15.142.17.240
277,Silvano,Gilliard,sgilliard7o@mit.edu,Male,64.90.144.52
278,Garnette,Wotherspoon,gwotherspoon7p@xrea.com,Female,204.199.149.31
279,Cortney,Scammonden,cscammonden7q@ocn.ne.jp,Female,128.137.108.55
280,Harbert,Woolgar,hwoolgar7r@xrea.com,Male,140.5.11.253
281,Des,Caistor,dcaistor7s@msu.edu,Male,10.61.191.28
282,Constancia,O'Cahill,cocahill7t@rediff.com,Female,174.205.48.101
283,Jonas,Espasa,jespasa7u@reference.com,Male,189.224.156.4
284,Abdel,McPhate,amcphate7v@feedburner.com,Male,235.240.13.145
285,Sibylla,Hatherley,shatherley7w@e-recht24.de,Female,23.107.175.119
286,Maje,Quoit,mquoit7x@edublogs.org,Male,254.65.20.94
287,Siusan,Melody,smelody7y@guardian.co.uk,Female,200.82.217.133
288,Rayna,Thaw,rthaw7z@istockphoto.com,Female,108.68.55.96
289,Carce,Wake,cwake80@seattletimes.com,Male,213.117.75.236
290,Elwin,Rosenstein,erosenstein81@prweb.com,Male,77.9.225.128
291,Thaine,Tiddeman,ttiddeman82@addthis.com,Agender,138.16.136.225
292,Izaak,Bruinsma,ibruinsma83@vinaora.com,Male,123.214.96.13
293,Ricoriki,Furlonge,rfurlonge84@forbes.com,Male,41.145.141.187
294,Daryl,Ashleigh,dashleigh85@fotki.com,Male,185.133.164.96
295,Catherina,Brend,cbrend86@ycombinator.com,Female,90.181.55.63
296,Riannon,Bastick,rbastick87@nasa.gov,Female,1.213.12.160
297,Jeanne,Lorroway,jlorroway88@ustream.tv,Female,93.136.57.137
298,Libby,Gerren,lgerren89@behance.net,Female,86.247.187.128
299,Roberto,Priestnall,rpriestnall8a@naver.com,Male,109.177.251.199
300,Grantley,Sinderland,gsinderland8b@hhs.gov,Male,118.203.156.193
301,Ginger,Crowthe,gcrowthe8c@dropbox.com,Male,73.16.54.31
302,Ernaline,Stubbeley,estubbeley8d@uol.com.br,Female,255.126.32.33
303,Sherwin,MacCourt,smaccourt8e@sfgate.com,Male,17.42.84.118
304,Damaris,Cruse,dcruse8f@usda.gov,Female,26.24.193.159
305,Noe,Le Teve,nleteve8g@economist.com,Male,48.51.52.136
306,Lorri,Batchan,lbatchan8h@instagram.com,Female,158.7.28.49
307,Bearnard,Percy,bpercy8i@topsy.com,Male,237.251.229.103
308,Paloma,Pardal,ppardal8j@yahoo.com,Female,40.208.178.234
309,Stevie,Gonzalvo,sgonzalvo8k@nymag.com,Male,157.210.180.40
310,Marget,Risby,mrisby8l@usgs.gov,Female,213.243.65.15
311,Jaimie,Chooter,jchooter8m@guardian.co.uk,Male,45.6.166.12
312,Shayna,Handman,shandman8n@phoca.cz,Female,41.247.83.104
313,Cosetta,Hartly,chartly8o@dmoz.org,Female,149.23.77.209
314,Aveline,Tippler,atippler8p@deliciousdays.com,Female,216.195.183.110
315,Valentijn,Mayhew,vmayhew8q@oakley.com,Male,124.245.39.158
316,Grant,Anten,ganten8r@histats.com,Male,235.119.253.83
317,Bret,Warrior,bwarrior8s@telegraph.co.uk,Male,161.20.129.21
318,Milzie,Tuiller,mtuiller8t@oakley.com,Female,118.91.52.23
319,Edita,Ollarenshaw,eollarenshaw8u@smh.com.au,Female,27.104.7.155
320,Vanya,Grinvalds,vgrinvalds8v@disqus.com,Male,134.106.121.53
321,Petrina,Jenken,pjenken8w@alexa.com,Female,171.228.12.232
322,Berkeley,Cottesford,bcottesford8x@amazon.co.uk,Male,126.54.157.237
323,Orazio,Dewan,odewan8y@nymag.com,Male,187.41.72.253
324,Pru,Onthank,ponthank8z@google.com.hk,Female,118.149.101.49
325,Sylvan,Nowak,snowak90@dot.gov,Male,36.115.93.148
326,Boyce,Ketcher,bketcher91@bravesites.com,Male,135.254.194.135
327,Esteban,Crecy,ecrecy92@twitpic.com,Male,204.133.44.177
328,Hube,Pearse,hpearse93@mapquest.com,Male,114.167.118.216
329,Jade,Topling,jtopling94@abc.net.au,Female,115.50.233.126
330,Jean,Pannett,jpannett95@discuz.net,Bigender,249.252.240.40
331,Egon,Waples,ewaples96@mapquest.com,Male,182.213.191.104
332,Tarah,Lung,tlung97@quantcast.com,Female,26.150.40.209
333,Wynny,Wellen,wwellen98@forbes.com,Female,57.117.207.142
334,Sammy,Apark,sapark99@mapquest.com,Male,113.86.18.212
335,Marty,Woollam,mwoollam9a@facebook.com,Male,72.112.232.121
336,Davidde,Vayne,dvayne9b@angelfire.com,Male,36.153.96.218
337,Buddy,Ebsworth,bebsworth9c@myspace.com,Polygender,47.216.70.216
338,Anton,Harold,aharold9d@yolasite.com,Male,88.51.112.132
339,Worth,Keble,wkeble9e@xinhuanet.com,Male,75.246.194.63
340,Dov,Stockhill,dstockhill9f@jigsy.com,Male,242.167.212.155
341,Jewel,Grandham,jgrandham9g@tripadvisor.com,Female,127.74.57.213
342,Maegan,Stirrip,mstirrip9h@nbcnews.com,Female,3.48.174.184
343,Shane,Tillard,stillard9i@msn.com,Bigender,49.204.63.39
344,Ransom,Darlington,rdarlington9j@apache.org,Male,166.170.76.250
345,Marcelia,Halliday,mhalliday9k@google.fr,Female,110.150.255.159
346,Minda,Favell,mfavell9l@bing.com,Non-binary,86.109.173.79
347,Gabriela,Mateus,gmateus9m@google.co.uk,Female,226.235.253.53
348,Dalis,Pfertner,dpfertner9n@google.com,Male,108.196.154.194
349,Darius,Mussett,dmussett9o@about.com,Male,189.83.62.112
350,Lacie,Morten,lmorten9p@dropbox.com,Female,208.28.89.250
351,Lorilee,Auden,lauden9q@webeden.co.uk,Bigender,24.155.131.172
352,Joana,Dybell,jdybell9r@hao123.com,Female,160.224.90.250
353,Miguel,Grenkov,mgrenkov9s@themeforest.net,Male,15.0.208.21
354,Connor,Mazin,cmazin9t@pinterest.com,Male,38.142.99.77
355,Dion,Alchin,dalchin9u@tinypic.com,Male,12.244.30.206
356,Imogen,Jessett,ijessett9v@smh.com.au,Female,111.128.105.108
357,Aggie,Eassom,aeassom9w@sfgate.com,Bigender,206.119.251.192
358,Leah,Sarjant,lsarjant9x@ezinearticles.com,Female,150.54.77.200
359,Cathlene,Quartly,cquartly9y@ameblo.jp,Female,33.50.64.179
360,Quint,Jerok,qjerok9z@nhs.uk,Male,44.52.187.133
361,Francis,Polsin,fpolsina0@i2i.jp,Male,76.232.110.50
362,Angele,Espinel,aespinela1@tinyurl.com,Female,242.105.241.57
363,Tanner,China,tchinaa2@discuz.net,Male,248.213.38.168
364,Amandi,Lockett,alocketta3@nhs.uk,Female,240.14.231.65
365,Jenna,Leeds,jleedsa4@mlb.com,Female,85.173.139.73
366,Delphine,Boissier,dboissiera5@163.com,Female,104.68.81.233
367,Winnie,Olczak,wolczaka6@shinystat.com,Female,2.70.179.252
368,Tamiko,Birchenhead,tbirchenheada7@elegantthemes.com,Female,233.50.23.137
369,Clareta,Sellek,cselleka8@latimes.com,Female,182.213.231.140
370,Marrilee,Beese,mbeesea9@elegantthemes.com,Female,219.51.53.167
371,Rosalyn,Obee,robeeaa@slate.com,Female,215.108.111.155
372,Horatio,Beazer,hbeazerab@oaic.gov.au,Male,92.150.38.171
373,Seumas,Weekly,sweeklyac@simplemachines.org,Male,254.244.230.121
374,Winnie,St. Quintin,wstquintinad@dell.com,Male,89.38.160.255
375,Brena,Neave,bneaveae@huffingtonpost.com,Female,58.45.92.198
376,Allianora,MacAndreis,amacandreisaf@fc2.com,Female,132.146.79.23
377,Kyle,Warrick,kwarrickag@vkontakte.ru,Male,239.149.146.55
378,Marya,Wantling,mwantlingah@yahoo.co.jp,Female,93.126.38.96
379,Crissy,Caulcott,ccaulcottai@army.mil,Female,107.241.217.254
380,Barr,Fishenden,bfishendenaj@jigsy.com,Male,213.248.159.39
381,Melba,Kingsley,mkingsleyak@elegantthemes.com,Female,53.102.66.238
382,Velma,McKerton,vmckertonal@qq.com,Female,138.56.2.57
383,Twila,Heggison,theggisonam@addthis.com,Female,186.182.137.2
384,Nels,Meritt,nmerittan@utexas.edu,Agender,214.90.163.221
385,Herbie,Breckon,hbreckonao@typepad.com,Male,88.238.67.130
386,Lorrin,Pfeuffer,lpfeufferap@wired.com,Female,39.209.202.15
387,Iggie,Wildgoose,iwildgooseaq@senate.gov,Polygender,146.195.238.191
388,Leodora,Hutchin,lhutchinar@walmart.com,Female,46.231.19.74
389,Kimball,Drummond,kdrummondas@creativecommons.org,Male,183.52.139.150
390,Clotilda,Jaulme,cjaulmeat@prweb.com,Female,12.253.73.26
391,Filia,Kuban,fkubanau@harvard.edu,Female,188.17.149.111
392,Mariele,Ashtonhurst,mashtonhurstav@hugedomains.com,Female,190.199.168.149
393,Hilary,Gorgler,hgorgleraw@etsy.com,Male,38.243.54.83
394,Katherina,Alleyn,kalleynax@godaddy.com,Non-binary,75.228.216.135
395,Christian,Booker,cbookeray@newsvine.com,Female,161.176.72.30
396,Phil,Balsdon,pbalsdonaz@t.co,Male,170.115.141.236
397,Louise,Baise,lbaiseb0@goo.ne.jp,Female,52.34.121.41
398,Carny,Cannings,ccanningsb1@ask.com,Male,151.248.209.54
399,Hestia,Gayther,hgaytherb2@wired.com,Agender,186.147.176.108
400,Cissy,Banane,cbananeb3@wikispaces.com,Female,133.205.111.253
401,Shellysheldon,Brameld,sbrameldb4@flickr.com,Male,188.17.58.83
402,Hanan,Harses,hharsesb5@zimbio.com,Male,239.66.64.72
403,Jeffry,Gyorffy,jgyorffyb6@dailymotion.com,Male,202.53.56.128
404,Pippy,Dahlen,pdahlenb7@narod.ru,Female,23.29.120.130
405,Kara-lynn,Ranyell,kranyellb8@rediff.com,Non-binary,166.109.136.193
406,Goldia,Cavy,gcavyb9@wikimedia.org,Female,94.58.9.8
407,Saree,Gaskins,sgaskinsba@booking.com,Female,100.0.230.236
408,Tucker,Cowling,tcowlingbb@addtoany.com,Male,64.203.111.103
409,Robby,Dukelow,rdukelowbc@biglobe.ne.jp,Agender,43.110.193.254
410,William,Flute,wflutebd@networkadvertising.org,Male,234.21.142.136
411,Wit,BoHlingolsen,wbohlingolsenbe@yahoo.com,Genderqueer,133.82.28.255
412,Giffy,Eke,gekebf@elpais.com,Male,131.240.212.169
413,Nike,Muzzullo,nmuzzullobg@arizona.edu,Agender,19.86.182.51
414,Gawen,Thomasset,gthomassetbh@ovh.net,Male,53.91.191.168
415,Harry,Capitano,hcapitanobi@github.com,Male,100.47.161.198
416,Barbi,Polley,bpolleybj@flickr.com,Polygender,187.194.173.3
417,Lulu,Mingasson,lmingassonbk@miibeian.gov.cn,Non-binary,238.113.33.54
418,Ervin,Parsonson,eparsonsonbl@instagram.com,Male,120.133.155.230
419,Helga,Jimeno,hjimenobm@networkadvertising.org,Female,88.198.241.106
420,Morganne,Toal,mtoalbn@paginegialle.it,Female,235.71.46.16
421,Izabel,Lewcock,ilewcockbo@ibm.com,Female,180.10.42.147
422,Brucie,Rishbrook,brishbrookbp@constantcontact.com,Male,181.46.253.98
423,Thatcher,Scoggans,tscoggansbq@mashable.com,Male,105.253.14.140
424,Cynde,Malenoir,cmalenoirbr@zdnet.com,Female,246.191.86.108
425,Thea,Manford,tmanfordbs@soundcloud.com,Female,152.155.149.83
426,Janos,Rolin,jrolinbt@foxnews.com,Male,187.18.76.122
427,Meagan,Tremble,mtremblebu@lycos.com,Female,146.127.86.186
428,Goddart,Novacek,gnovacekbv@nydailynews.com,Male,27.233.89.12
429,Lorri,Swanger,lswangerbw@unc.edu,Female,118.143.77.219
430,Antin,Gounot,agounotbx@exblog.jp,Male,112.253.241.254
431,Vernen,Playfoot,vplayfootby@woothemes.com,Male,197.253.94.172
432,Archer,Aiken,aaikenbz@hud.gov,Male,66.124.83.202
433,Cordula,Berardt,cberardtc0@delicious.com,Female,142.159.201.30
434,Orelee,Duggary,oduggaryc1@icio.us,Female,175.189.43.113
435,Breena,Pichan,bpichanc2@chicagotribune.com,Female,129.61.161.116
436,Dew,Merrigans,dmerrigansc3@craigslist.org,Male,52.33.49.148
437,Aleen,Jaquiss,ajaquissc4@artisteer.com,Female,163.41.39.75
438,Ole,Dunstall,odunstallc5@google.ru,Male,243.224.44.115
439,Juliann,Poon,jpoonc6@miibeian.gov.cn,Female,149.115.162.43
440,Zuzana,Rudeforth,zrudeforthc7@devhub.com,Female,64.158.13.77
441,Bentley,Runge,brungec8@nyu.edu,Male,29.74.94.43
442,Gardener,Impett,gimpettc9@unicef.org,Male,16.127.56.180
443,Ban,Antram,bantramca@ed.gov,Male,71.77.114.2
444,Lesya,Ferraron,lferraroncb@linkedin.com,Female,18.223.201.71
445,Michele,Goscar,mgoscarcc@blogs.com,Male,188.31.245.101
446,Libbey,Morley,lmorleycd@slideshare.net,Female,42.178.241.164
447,Jobie,Lorait,jloraitce@census.gov,Female,7.168.69.28
448,Emelita,Phoenix,ephoenixcf@washington.edu,Female,132.78.183.72
449,Rebecka,Tuftin,rtuftincg@google.fr,Female,216.146.84.101
450,Gleda,Ajsik,gajsikch@goodreads.com,Female,198.109.184.187
451,Arlyne,Elwyn,aelwynci@goo.ne.jp,Female,87.177.197.159
452,Henderson,Thynne,hthynnecj@fc2.com,Non-binary,229.151.56.251
453,Kristen,Baly,kbalyck@bigcartel.com,Female,155.46.197.41
454,Weylin,Jerson,wjersoncl@geocities.com,Male,23.126.154.67
455,Charlton,Bridgeland,cbridgelandcm@psu.edu,Genderqueer,178.236.52.103
456,Jerrold,McCart,jmccartcn@dagondesign.com,Male,27.116.248.124
457,Maury,Mosedale,mmosedaleco@si.edu,Male,201.111.34.6
458,Collie,Davidson,cdavidsoncp@msn.com,Female,163.203.167.233
459,Erina,Dochon,edochoncq@friendfeed.com,Female,50.54.242.96
460,Romain,Woodvine,rwoodvinecr@zdnet.com,Male,214.126.91.226
461,Lacey,Glendining,lglendiningcs@china.com.cn,Female,84.140.137.107
462,Rebeca,Binyon,rbinyonct@taobao.com,Female,57.225.19.76
463,Shanan,Audas,saudascu@cbslocal.com,Male,15.28.6.43
464,Devinne,Fazackerley,dfazackerleycv@163.com,Female,210.151.220.8
465,Elyn,Gallagher,egallaghercw@vkontakte.ru,Female,82.154.254.50
466,Granger,Durbann,gdurbanncx@t.co,Male,248.56.26.218
467,Hildy,Wawer,hwawercy@merriam-webster.com,Female,69.131.104.63
468,Devin,Druhan,ddruhancz@ow.ly,Genderfluid,126.80.188.200
469,Felic,Fife,ffifed0@bloomberg.com,Male,142.127.125.128
470,Maggi,Semrad,msemradd1@omniture.com,Female,164.11.254.204
471,Fulton,Plaschke,fplaschked2@goo.gl,Male,28.68.140.36
472,Danielle,Giovannazzi,dgiovannazzid3@blog.com,Female,53.26.218.118
473,Nikolos,Havard,nhavardd4@marketwatch.com,Male,41.16.182.189
474,Gregoire,Few,gfewd5@toplist.cz,Male,109.66.85.156
475,Sissy,Badger,sbadgerd6@sphinn.com,Female,3.201.242.124
476,Phyllida,McGunley,pmcgunleyd7@google.nl,Female,54.25.219.153
477,Bab,Mansell,bmanselld8@miibeian.gov.cn,Female,105.249.195.118
478,Wynn,Clashe,wclashed9@i2i.jp,Female,134.34.193.234
479,Fredric,Kiss,fkissda@imageshack.us,Male,120.213.182.90
480,Bartolomeo,Ricciardi,bricciardidb@freewebs.com,Male,253.221.252.68
481,Karalee,Scotchbrook,kscotchbrookdc@wordpress.org,Female,58.89.70.13
482,Bran,Wherton,bwhertondd@hatena.ne.jp,Male,148.250.122.136
483,Borg,Kunisch,bkunischde@nytimes.com,Male,97.215.96.238
484,Aylmer,Lawrenz,alawrenzdf@ycombinator.com,Male,49.179.33.177
485,Marchelle,Leifer,mleiferdg@hostgator.com,Female,61.251.112.223
486,Brandtr,Bonsul,bbonsuldh@usgs.gov,Male,183.86.164.97
487,Reed,Latham,rlathamdi@cdbaby.com,Male,10.85.222.13
488,Cordelia,Gianelli,cgianellidj@gmpg.org,Agender,114.180.149.154
489,Herby,Monshall,hmonshalldk@histats.com,Male,215.78.198.136
490,Freida,Denning,fdenningdl@tamu.edu,Female,93.6.64.149
491,Orelle,Crosi,ocrosidm@skyrock.com,Genderqueer,237.115.0.110
492,Leon,Eye,leyedn@washingtonpost.com,Male,37.116.92.20
493,Forrest,Durrans,fdurransdo@hugedomains.com,Male,198.232.52.125
494,Flossy,Achrameev,fachrameevdp@flickr.com,Female,230.17.172.122
495,Allissa,Grishenkov,agrishenkovdq@etsy.com,Female,2.63.214.190
496,Rozina,Stenner,rstennerdr@comsenz.com,Female,76.162.19.71
497,Pierre,Anfosso,panfossods@opera.com,Male,72.106.153.194
498,Katharina,Riddle,kriddledt@arizona.edu,Female,30.97.197.95
499,Jason,McAughtrie,jmcaughtriedu@mlb.com,Male,224.212.174.241
500,Leonore,Reddan,lreddandv@google.com,Female,253.242.241.74
501,Kristel,Helliker,khellikerdw@xrea.com,Female,63.125.212.86
502,Vivyan,Waghorne,vwaghornedx@t.co,Female,185.199.6.159
503,Risa,Slarke,rslarkedy@si.edu,Agender,106.12.233.144
504,Jo-anne,Shorrock,jshorrockdz@unesco.org,Female,136.121.25.116
505,Renie,Baseley,rbaseleye0@uiuc.edu,Female,41.222.11.210
506,Valentijn,Lucio,vlucioe1@illinois.edu,Male,242.251.251.27
507,Eugen,Breznovic,ebreznovice2@nps.gov,Male,159.33.238.203
508,Preston,Tomalin,ptomaline3@amazon.co.uk,Male,15.62.204.218
509,Raven,Damato,rdamatoe4@mac.com,Female,133.14.174.139
510,Rica,Geertz,rgeertze5@huffingtonpost.com,Female,149.98.120.210
511,Friedrich,Parlatt,fparlatte6@goo.ne.jp,Male,104.209.30.181
512,Mamie,Chuter,mchutere7@360.cn,Agender,99.236.46.250
513,Hermann,Chieze,hchiezee8@upenn.edu,Male,236.220.228.72
514,Kassia,Piddick,kpiddicke9@tmall.com,Female,46.24.54.151
515,Felisha,Inchcomb,finchcombea@hatena.ne.jp,Female,130.73.45.27
516,Dulcine,Bawle,dbawleeb@instagram.com,Non-binary,165.160.5.250
517,Amelia,Larmor,alarmorec@samsung.com,Female,141.96.40.219
518,Eileen,Glasspool,eglasspooled@liveinternet.ru,Female,198.47.194.95
519,Paco,Totterdill,ptotterdillee@t.co,Male,89.196.51.22
520,Flss,Oldfield-Cherry,foldfieldcherryef@etsy.com,Female,206.135.54.37
521,Annabela,Learoyd,alearoydeg@reddit.com,Female,88.27.138.21
522,Christean,Dongall,cdongalleh@amazon.co.uk,Female,183.181.181.244
523,Marna,Linsay,mlinsayei@redcross.org,Female,207.178.138.172
524,Else,Spratt,esprattej@reference.com,Female,192.154.118.231
525,Cecil,Cutford,ccutfordek@auda.org.au,Female,29.199.5.11
526,Catriona,Tennock,ctennockel@bravesites.com,Female,224.107.140.103
527,Charin,MacCook,cmaccookem@wsj.com,Female,255.100.43.124
528,Sauveur,Moreinu,smoreinuen@e-recht24.de,Male,234.147.193.53
529,Reggy,Mulkerrins,rmulkerrinseo@hatena.ne.jp,Male,23.31.136.177
530,Pryce,Kittel,pkittelep@vistaprint.com,Male,154.182.144.145
531,Antonie,Wileman,awilemaneq@dot.gov,Female,10.105.121.69
532,Mikaela,Spilsted,mspilsteder@ow.ly,Female,255.190.177.144
533,Cal,Massard,cmassardes@google.nl,Female,115.112.12.5
534,Daisey,Eacott,deacottet@storify.com,Female,133.86.205.9
535,Gradey,Cassley,gcassleyeu@imdb.com,Male,117.50.186.162
536,Marion,Leacy,mleacyev@creativecommons.org,Female,245.135.65.100
537,Rutter,Landre,rlandreew@hubpages.com,Male,184.121.164.175
538,Chad,Castillou,ccastillouex@irs.gov,Female,238.109.178.57
539,Ingelbert,Piperley,ipiperleyey@youtu.be,Male,170.63.184.93
540,Beverie,Swatheridge,bswatheridgeez@nytimes.com,Female,94.134.45.83
541,Dennie,Boyfield,dboyfieldf0@sitemeter.com,Male,134.13.29.112
542,Issiah,Marquis,imarquisf1@dot.gov,Male,94.30.166.82
543,Lewes,Puller,lpullerf2@gmpg.org,Male,149.1.237.30
544,Yves,Browell,ybrowellf3@msn.com,Male,11.88.214.35
545,Ninnette,Adelsberg,nadelsbergf4@apple.com,Female,25.242.250.200
546,Ali,Coombs,acoombsf5@hatena.ne.jp,Male,201.158.115.156
547,Fonzie,Marland,fmarlandf6@netvibes.com,Male,130.203.242.36
548,Jedediah,Smidmor,jsmidmorf7@flickr.com,Male,87.205.198.113
549,Quintin,Lodeke,qlodekef8@tripod.com,Male,166.178.116.111
550,Idaline,Paoli,ipaolif9@fda.gov,Female,30.154.118.24
551,Cord,Janas,cjanasfa@mapquest.com,Genderfluid,138.68.111.145
552,Celeste,Jerzycowski,cjerzycowskifb@examiner.com,Female,33.231.228.183
553,Reggy,Tildesley,rtildesleyfc@cam.ac.uk,Male,103.97.230.17
554,Kattie,Overthrow,koverthrowfd@infoseek.co.jp,Female,67.3.9.56
555,Garwood,Attawell,gattawellfe@wikispaces.com,Male,242.251.113.44
556,Mendy,Manuelli,mmanuelliff@usgs.gov,Male,60.61.111.200
557,Jeane,Girvin,jgirvinfg@alibaba.com,Female,250.3.180.83
558,Pammi,Basezzi,pbasezzifh@google.com.br,Female,19.70.112.186
559,Ed,Treppas,etreppasfi@technorati.com,Genderfluid,66.33.21.118
560,Coletta,Fontelles,cfontellesfj@mapy.cz,Genderqueer,190.12.1.110
561,Titos,Gilligan,tgilliganfk@si.edu,Male,186.230.5.114
562,Darcie,Baxstare,dbaxstarefl@naver.com,Female,68.203.97.247
563,Aaron,Avrahamof,aavrahamoffm@google.it,Male,96.215.52.91
564,Frederico,Bramah,fbramahfn@cbc.ca,Male,149.148.155.209
565,Vasilis,Orhrt,vorhrtfo@bing.com,Male,49.210.249.54
566,Reade,Sturzaker,rsturzakerfp@omniture.com,Male,3.37.39.210
567,Garey,Drinnan,gdrinnanfq@home.pl,Genderfluid,9.0.253.160
568,Kevan,Butcher,kbutcherfr@nbcnews.com,Male,121.114.182.216
569,Faber,Houndson,fhoundsonfs@youku.com,Male,67.188.243.135
570,Roma,Whiff,rwhiffft@msu.edu,Male,216.129.54.95
571,Annie,Tommaseo,atommaseofu@canalblog.com,Female,188.83.215.152
572,Tawnya,Pane,tpanefv@dell.com,Agender,41.213.243.172
573,Liza,Sumner,lsumnerfw@google.com.hk,Female,122.56.112.42
574,Odey,Scardafield,oscardafieldfx@utexas.edu,Male,231.90.40.244
575,Darci,Checchetelli,dchecchetellify@printfriendly.com,Female,194.240.109.48
576,Yancy,Shottin,yshottinfz@time.com,Male,117.231.5.167
577,Forest,Paynes,fpaynesg0@clickbank.net,Male,44.229.102.49
578,Jayme,Fossey,jfosseyg1@irs.gov,Male,67.192.63.195
579,Sidoney,Izzatt,sizzattg2@e-recht24.de,Female,74.191.13.180
580,Tawnya,Witchell,twitchellg3@dropbox.com,Female,246.7.7.189
581,Claudian,Challenger,cchallengerg4@moonfruit.com,Male,174.81.93.151
582,Grier,Scarsbrick,gscarsbrickg5@csmonitor.com,Female,157.217.91.196
583,Fernando,Reck,freckg6@goodreads.com,Male,88.78.58.12
584,Andres,Tinkler,atinklerg7@ameblo.jp,Male,23.252.19.237
585,Goddard,Tarrant,gtarrantg8@goo.gl,Male,4.58.163.247
586,Shayna,Tomson,stomsong9@google.it,Female,127.170.169.65
587,Edvard,Poyle,epoylega@cmu.edu,Male,169.58.244.12
588,Dulcea,Moscon,dmoscongb@telegraph.co.uk,Female,14.15.236.206
589,Vin,Amey,vameygc@github.io,Female,189.255.192.173
590,Palmer,Ambrogioni,pambrogionigd@sakura.ne.jp,Male,6.23.80.169
591,Eyde,Beek,ebeekge@tripadvisor.com,Female,117.70.189.153
592,Gardiner,Lavelle,glavellegf@naver.com,Agender,205.58.79.31
593,Tally,Ramsby,tramsbygg@google.it,Male,122.32.162.206
594,Tish,Kilbourn,tkilbourngh@newyorker.com,Female,48.9.206.94
595,Hillary,Sword,hswordgi@answers.com,Male,24.104.133.178
596,Grange,Churchard,gchurchardgj@google.com,Male,50.144.153.80
597,Daniella,Baignard,dbaignardgk@wikipedia.org,Female,85.44.8.226
598,Ashly,Touhig,atouhiggl@alibaba.com,Female,90.54.125.77
599,Chaim,Windrass,cwindrassgm@comcast.net,Male,75.46.25.102
600,Brenna,Lucius,bluciusgn@about.me,Female,31.56.47.44
601,Dietrich,Shearmur,dshearmurgo@opera.com,Male,238.219.192.184
602,Abra,Trineman,atrinemangp@ovh.net,Female,194.160.207.145
603,Asa,Throssell,athrossellgq@yale.edu,Non-binary,28.77.191.226
604,Carlene,Carstairs,ccarstairsgr@cnet.com,Female,114.235.50.150
605,Nickie,Gypson,ngypsongs@ft.com,Male,27.216.213.162
606,Skylar,Grigoryev,sgrigoryevgt@phoca.cz,Male,238.231.230.130
607,Ranna,Acom,racomgu@seattletimes.com,Female,157.109.98.57
608,Bonita,Burgen,bburgengv@discovery.com,Female,206.164.160.30
609,Sonnie,Sharvill,ssharvillgw@home.pl,Male,180.245.200.87
610,Alleen,Divis,adivisgx@goodreads.com,Female,80.143.20.134
611,Zedekiah,Tyne,ztynegy@scribd.com,Male,128.145.191.234
612,Daveta,Izatt,dizattgz@prnewswire.com,Female,158.153.74.40
613,Ronnie,Bazelle,rbazelleh0@seesaa.net,Genderfluid,195.64.58.158
614,Samantha,Grissett,sgrissetth1@unesco.org,Female,1.122.76.74
615,Marlin,Gilling,mgillingh2@cargocollective.com,Male,135.218.82.100
616,Patsy,Cultcheth,pcultchethh3@samsung.com,Female,21.104.145.11
617,Eustace,Filippucci,efilippuccih4@cyberchimps.com,Male,59.142.59.103
618,Gae,Tranter,gtranterh5@livejournal.com,Female,236.246.148.229
619,Griff,Beecham,gbeechamh6@usgs.gov,Male,140.174.200.201
620,Beau,Jays,bjaysh7@miitbeian.gov.cn,Male,83.116.224.34
621,Janeva,Forshaw,jforshawh8@irs.gov,Female,16.21.129.40
622,Federica,Ewings,fewingsh9@canalblog.com,Female,71.57.10.94
623,Merilyn,Walworth,mwalworthha@csmonitor.com,Female,218.17.241.52
624,Benny,Chance,bchancehb@statcounter.com,Male,195.24.110.71
625,Clare,Serck,cserckhc@cocolog-nifty.com,Female,13.19.113.117
626,Kelwin,Leale,klealehd@thetimes.co.uk,Male,111.23.50.28
627,Theodosia,McCane,tmccanehe@example.com,Female,95.232.186.61
628,Corey,Yegorev,cyegorevhf@discovery.com,Male,244.244.94.25
629,Rodney,Milvarnie,rmilvarniehg@pbs.org,Male,0.135.97.188
630,Brose,O'Cleary,boclearyhh@sphinn.com,Male,133.228.239.245
631,Cherrita,Legen,clegenhi@jalbum.net,Female,155.244.220.194
632,Auberta,Redgrove,aredgrovehj@washington.edu,Female,104.203.34.201
633,Cortney,Winship,cwinshiphk@indiatimes.com,Female,100.154.71.97
634,Christophorus,Easeman,ceasemanhl@discuz.net,Male,117.90.198.169
635,Janessa,Dobble,jdobblehm@hibu.com,Female,62.37.60.10
636,Alex,Hallowes,ahalloweshn@theguardian.com,Genderfluid,21.132.153.104
637,Bernie,Carss,bcarssho@vinaora.com,Male,27.77.162.189
638,Gerrard,Franzonetti,gfranzonettihp@ifeng.com,Male,36.146.48.166
639,Mattie,Hawkyens,mhawkyenshq@e-recht24.de,Male,191.218.103.235
640,Fleming,Depport,fdepporthr@themeforest.net,Male,197.154.24.193
641,Sidnee,Cardinal,scardinalhs@google.es,Male,15.244.39.185
642,Reena,Flippini,rflippiniht@youtu.be,Non-binary,127.209.14.32
643,Sanson,Baldacchino,sbaldacchinohu@skyrock.com,Male,156.42.14.167
644,Vivianne,Margrem,vmargremhv@wufoo.com,Female,19.222.232.55
645,Townie,Molan,tmolanhw@economist.com,Male,152.80.73.58
646,Ody,Imrie,oimriehx@phoca.cz,Male,213.169.218.240
647,Devi,Toby,dtobyhy@ed.gov,Female,121.187.201.203
648,Dur,Jelley,djelleyhz@jalbum.net,Bigender,21.216.80.209
649,Modestia,Hillaby,mhillabyi0@mail.ru,Female,181.203.253.175
650,Charlie,Scothorne,cscothornei1@hao123.com,Non-binary,179.248.151.240
651,Kenneth,Seger,ksegeri2@globo.com,Male,101.78.1.25
652,Chaddy,O'Hogertie,cohogertiei3@wired.com,Male,100.248.35.204
653,Austin,Jess,ajessi4@springer.com,Male,255.2.120.19
654,Murielle,Torri,mtorrii5@netscape.com,Female,136.134.46.255
655,Monti,Shorter,mshorteri6@spiegel.de,Male,82.234.192.37
656,Olivero,Morden,omordeni7@mit.edu,Non-binary,96.53.170.95
657,Ranice,Paoletti,rpaolettii8@nydailynews.com,Female,46.63.30.61
658,Umberto,Hail,uhaili9@mlb.com,Male,54.226.216.130
659,Linnie,Barthelmes,lbarthelmesia@dion.ne.jp,Female,98.190.66.51
660,Cammi,Bending,cbendingib@oakley.com,Female,198.212.69.249
661,Justina,Domingues,jdominguesic@usa.gov,Female,12.217.182.217
662,Nathalia,Top,ntopid@reddit.com,Female,153.70.36.48
663,Marcel,Ranson,mransonie@phoca.cz,Male,155.90.119.142
664,Charlton,Symmons,csymmonsif@msu.edu,Male,37.253.91.4
665,Mal,Ghilardi,mghilardiig@google.pl,Male,202.135.125.41
666,Avery,Kenelin,akenelinih@webnode.com,Male,85.143.104.133
667,Angel,Jeaycock,ajeaycockii@cbsnews.com,Female,31.157.182.188
668,Hamilton,Rivallant,hrivallantij@pbs.org,Male,154.197.209.161
669,Farly,Heather,fheatherik@un.org,Male,246.67.110.68
670,Hendrika,Castelluzzi,hcastelluzziil@umich.edu,Polygender,171.234.201.52
671,Raine,Strewthers,rstrewthersim@mysql.com,Female,104.167.33.255
672,Jeralee,Croall,jcroallin@qq.com,Female,25.97.183.99
673,Karina,Cusack,kcusackio@yellowpages.com,Female,99.124.0.135
674,Perren,Ganter,pganterip@pcworld.com,Male,39.167.180.173
675,Arielle,O'Noland,aonolandiq@discovery.com,Female,64.216.35.200
676,Andrei,Guilayn,aguilaynir@usatoday.com,Female,104.140.233.86
677,Erek,Pointon,epointonis@epa.gov,Male,201.111.254.242
678,Devonna,Madeley,dmadeleyit@census.gov,Genderfluid,58.236.142.74
679,Andeee,Antill,aantilliu@imdb.com,Female,165.96.188.6
680,Stanford,Sabathe,ssabatheiv@godaddy.com,Male,59.183.199.16
681,Abrahan,Honisch,ahonischiw@seattletimes.com,Male,139.195.202.234
682,Lyndell,Matteacci,lmatteacciix@friendfeed.com,Female,92.16.44.121
683,Torry,Naulty,tnaultyiy@china.com.cn,Male,123.167.174.95
684,Linette,Hensmans,lhensmansiz@ask.com,Genderqueer,229.125.102.162
685,Ban,Kiff,bkiffj0@independent.co.uk,Male,39.97.81.178
686,Aveline,Vine,avinej1@4shared.com,Female,53.246.179.158
687,Delaney,Poulston,dpoulstonj2@angelfire.com,Male,61.152.103.96
688,Reagen,Hiley,rhileyj3@google.nl,Male,116.234.45.64
689,Lorne,Jaycocks,ljaycocksj4@tmall.com,Female,243.240.130.247
690,Cariotta,Budnik,cbudnikj5@java.com,Female,104.150.128.129
691,Clari,Bunce,cbuncej6@discuz.net,Female,115.87.201.17
692,Mavra,Topes,mtopesj7@surveymonkey.com,Female,1.89.169.244
693,Ros,Brandenberg,rbrandenbergj8@fema.gov,Female,58.142.131.34
694,Burty,Craiker,bcraikerj9@senate.gov,Male,63.159.52.211
695,Moshe,Alster,malsterja@google.es,Male,101.107.47.127
696,Ewan,Bahike,ebahikejb@ed.gov,Male,147.118.225.74
697,Davie,Guillerman,dguillermanjc@miibeian.gov.cn,Male,84.17.64.253
698,Elvyn,Gladman,egladmanjd@bloglovin.com,Male,42.192.61.234
699,Maurene,Bainton,mbaintonje@rediff.com,Agender,98.132.77.76
700,Theo,Kabsch,tkabschjf@msn.com,Male,97.151.101.163
701,Alex,Jude,ajudejg@flavors.me,Agender,201.200.108.147
702,Patin,O'Fallowne,pofallownejh@fc2.com,Male,133.171.153.52
703,Caressa,Duker,cdukerji@nifty.com,Female,131.144.9.140
704,Tod,Mitrovic,tmitrovicjj@icq.com,Male,69.146.102.120
705,Birk,Kampshell,bkampshelljk@washingtonpost.com,Male,94.148.161.78
706,William,Preator,wpreatorjl@soup.io,Male,121.148.206.17
707,Allys,Danbye,adanbyejm@yellowpages.com,Female,144.238.175.135
708,Barrie,Coveny,bcovenyjn@e-recht24.de,Male,215.90.150.169
709,Roderic,Surtees,rsurteesjo@ucoz.com,Male,192.14.185.65
710,Cordie,Bromidge,cbromidgejp@domainmarket.com,Male,168.124.79.147
711,Stormi,Athelstan,sathelstanjq@ca.gov,Female,113.42.103.216
712,Dionisio,Gerault,dgeraultjr@exblog.jp,Male,162.165.113.40
713,Laurie,Eilhertsen,leilhertsenjs@myspace.com,Male,44.239.170.77
714,Denise,Roycroft,droycroftjt@theglobeandmail.com,Female,166.186.159.217
715,Wilma,Drakeford,wdrakefordju@flavors.me,Agender,70.188.156.144
716,Stavro,Clancy,sclancyjv@stanford.edu,Polygender,139.254.212.80
717,Lewes,Cahen,lcahenjw@phoca.cz,Male,159.183.239.102
718,Abram,Balsdon,abalsdonjx@nifty.com,Male,89.220.134.246
719,Darryl,Kemshell,dkemshelljy@yellowbook.com,Male,221.53.86.142
720,Homerus,Cuppitt,hcuppittjz@ocn.ne.jp,Male,63.182.62.117
721,Elysee,Twells,etwellsk0@comsenz.com,Female,0.34.255.138
722,Josey,Tiller,jtillerk1@themeforest.net,Female,64.94.255.103
723,Jocelyne,Kolak,jkolakk2@4shared.com,Female,141.100.84.2
724,Joachim,Craddock,jcraddockk3@phoca.cz,Male,10.61.21.14
725,Marylinda,Harsnipe,mharsnipek4@ebay.com,Female,163.52.244.62
726,Andonis,Emby,aembyk5@cloudflare.com,Male,230.52.55.0
727,Ric,Pitchford,rpitchfordk6@epa.gov,Male,134.196.131.246
728,Tully,Bryceson,tbrycesonk7@ca.gov,Male,119.162.188.96
729,Lynnelle,O' Meara,lomearak8@zdnet.com,Female,76.95.63.155
730,Pancho,Cammidge,pcammidgek9@bigcartel.com,Male,201.185.49.82
731,Micah,Grivori,mgrivorika@imgur.com,Male,52.56.227.49
732,Chen,Chesnay,cchesnaykb@wordpress.com,Agender,10.67.222.195
733,Blinnie,Gaize,bgaizekc@clickbank.net,Female,159.240.183.100
734,Raddie,Hankey,rhankeykd@merriam-webster.com,Male,50.18.97.222
735,Quincy,Guntrip,qguntripke@youtu.be,Male,18.161.63.130
736,Englebert,Lanston,elanstonkf@simplemachines.org,Male,152.156.3.164
737,Megen,Chiswell,mchiswellkg@mtv.com,Female,140.252.123.201
738,Cathee,Halley,challeykh@state.gov,Female,225.99.233.81
739,Leighton,Piscopello,lpiscopelloki@nba.com,Male,211.3.101.243
740,Raimund,Terbrugge,rterbruggekj@google.com.br,Male,87.212.17.172
741,Kelcie,Jeffree,kjeffreekk@howstuffworks.com,Female,240.206.65.87
742,Mollie,Wilfinger,mwilfingerkl@geocities.com,Female,64.115.149.9
743,Gretal,Drayton,gdraytonkm@ifeng.com,Female,192.168.201.245
744,Rodina,Wynch,rwynchkn@go.com,Female,201.195.248.213
745,Rebekkah,Kuhn,rkuhnko@apache.org,Female,52.118.110.249
746,Charmine,Evreux,cevreuxkp@ihg.com,Non-binary,45.232.252.162
747,Fee,Brushfield,fbrushfieldkq@technorati.com,Male,175.187.136.250
748,Jesus,Chawner,jchawnerkr@cyberchimps.com,Male,89.178.56.171
749,Modesty,Dametti,mdamettiks@seesaa.net,Female,139.87.38.236
750,Curry,Kauschke,ckauschkekt@marketwatch.com,Male,5.217.211.230
751,Tamqrah,Beedom,tbeedomku@qq.com,Genderfluid,206.83.194.192
752,Norbie,Bazley,nbazleykv@devhub.com,Male,67.153.154.198
753,Rodd,Worrall,rworrallkw@alexa.com,Male,216.60.57.228
754,Rem,Clothier,rclothierkx@etsy.com,Male,224.135.222.117
755,Aarika,Hawney,ahawneyky@ihg.com,Female,159.18.150.64
756,Frances,Ruffy,fruffykz@answers.com,Female,235.88.206.142
757,Olvan,Mousdall,omousdalll0@disqus.com,Male,28.223.236.208
758,Norrie,Akast,nakastl1@csmonitor.com,Female,4.182.224.188
759,Letizia,Oscroft,loscroftl2@github.io,Female,13.152.96.248
760,Clareta,Osgarby,cosgarbyl3@g.co,Female,210.101.131.232
761,Isidora,Toy,itoyl4@intel.com,Female,51.165.158.60
762,Hyacinthia,Meneyer,hmeneyerl5@is.gd,Female,89.85.4.215
763,Vincenty,Tolworthy,vtolworthyl6@sphinn.com,Male,18.117.94.90
764,Broderic,McCarthy,bmccarthyl7@miitbeian.gov.cn,Male,83.239.228.157
765,Magnum,Sunderland,msunderlandl8@amazonaws.com,Male,194.170.61.249
766,Sarina,Dyott,sdyottl9@sitemeter.com,Female,210.7.21.41
767,Niven,MacPhaden,nmacphadenla@aol.com,Male,73.37.224.73
768,Torey,Gasperi,tgasperilb@pagesperso-orange.fr,Male,85.163.162.64
769,Maxie,Welden,mweldenlc@harvard.edu,Female,171.67.54.138
770,Vivienne,Rodge,vrodgeld@salon.com,Female,102.78.166.126
771,Cary,Vurley,cvurleyle@tripadvisor.com,Female,203.131.112.21
772,Evy,Grigs,egrigslf@over-blog.com,Female,55.177.226.101
773,Melodie,Sermin,mserminlg@vinaora.com,Female,125.5.130.201
774,Mervin,Yosifov,myosifovlh@issuu.com,Male,171.160.62.116
775,Lacy,Arpino,larpinoli@de.vu,Female,208.92.100.214
776,Maye,O'Cosgra,mocosgralj@walmart.com,Female,160.70.82.51
777,Cari,Gawn,cgawnlk@naver.com,Female,110.23.166.142
778,Isador,Ivan,iivanll@comcast.net,Male,101.253.149.98
779,Janean,Castellaccio,jcastellacciolm@comsenz.com,Female,58.247.173.193
780,Minerva,Kinforth,mkinforthln@opensource.org,Agender,70.81.237.129
781,Emmet,Heinicke,eheinickelo@icq.com,Male,122.28.118.77
782,Adan,Hidderley,ahidderleylp@nps.gov,Male,170.75.197.224
783,Angel,Redfield,aredfieldlq@virginia.edu,Male,30.153.18.11
784,Julian,Blackham,jblackhamlr@huffingtonpost.com,Male,34.198.227.76
785,Mort,MacCallum,mmaccallumls@twitpic.com,Male,235.34.34.128
786,Ian,Hansed,ihansedlt@issuu.com,Male,208.228.186.15
787,Ailina,Sommerscales,asommerscaleslu@g.co,Female,6.209.66.142
788,Bella,Pechan,bpechanlv@theglobeandmail.com,Female,143.8.116.110
789,Hertha,Bartolommeo,hbartolommeolw@nasa.gov,Female,234.111.44.63
790,Emilio,Dagnan,edagnanlx@indiatimes.com,Male,245.150.231.249
791,Johan,Guerry,jguerryly@reuters.com,Male,89.239.34.32
792,Phebe,Khomin,pkhominlz@feedburner.com,Female,246.164.80.243
793,Yevette,Phillipps,yphillippsm0@yolasite.com,Female,83.167.247.36
794,Hurley,Harkins,hharkinsm1@springer.com,Male,229.198.209.165
795,Howard,Beevens,hbeevensm2@abc.net.au,Male,163.38.84.125
796,Jayme,Giamelli,jgiamellim3@wired.com,Male,214.194.107.3
797,Bryn,Gregoletti,bgregolettim4@digg.com,Polygender,227.86.35.57
798,Riannon,Dionisii,rdionisiim5@geocities.com,Female,0.223.45.4
799,Norrie,Hourigan,nhouriganm6@sphinn.com,Male,157.117.169.153
800,Derry,Cowlin,dcowlinm7@sphinn.com,Male,41.145.99.65
801,Sterne,Vina,svinam8@technorati.com,Male,244.86.176.196
802,Elroy,Shoard,eshoardm9@wordpress.com,Male,128.122.33.196
803,Grace,Davydychev,gdavydychevma@acquirethisname.com,Female,125.110.200.136
804,Abe,Drewell,adrewellmb@constantcontact.com,Male,16.49.221.135
805,Val,Powder,vpowdermc@mozilla.org,Male,111.108.172.113
806,Rickey,Lowten,rlowtenmd@blogspot.com,Male,43.18.98.216
807,Michele,Rape,mrapeme@buzzfeed.com,Female,159.118.12.35
808,Juline,Ivanshintsev,jivanshintsevmf@mapquest.com,Female,14.56.1.232
809,Homer,Forseith,hforseithmg@drupal.org,Male,187.246.248.26
810,Coralie,Sandey,csandeymh@hatena.ne.jp,Female,147.192.29.160
811,Brietta,Barwack,bbarwackmi@phpbb.com,Female,254.29.198.141
812,Germain,Anfossi,ganfossimj@ucla.edu,Male,240.61.50.175
813,Dixie,Seamons,dseamonsmk@google.ru,Female,42.88.50.251
814,Ernie,Broyd,ebroydml@seesaa.net,Male,180.94.111.182
815,Ogdan,Winram,owinrammm@sfgate.com,Male,225.175.78.145
816,Jessalin,Forlong,jforlongmn@comcast.net,Female,151.141.55.150
817,Bonni,Breit,bbreitmo@ihg.com,Female,29.255.200.124
818,Will,Letch,wletchmp@google.fr,Male,22.34.184.31
819,Agretha,Ibbotson,aibbotsonmq@ebay.co.uk,Female,156.237.62.53
820,Timmie,Shields,tshieldsmr@clickbank.net,Male,146.46.182.181
821,Udell,Brosenius,ubroseniusms@dion.ne.jp,Male,134.8.174.132
822,Beniamino,Rosbrough,brosbroughmt@vistaprint.com,Male,9.198.136.248
823,Wesley,Beevens,wbeevensmu@omniture.com,Male,125.118.22.222
824,Euell,Piggens,epiggensmv@home.pl,Male,113.110.80.153
825,Louie,Sighart,lsighartmw@tuttocitta.it,Male,91.101.54.72
826,Bronnie,Astie,bastiemx@cam.ac.uk,Male,127.135.153.216
827,Johnathan,Gumb,jgumbmy@ihg.com,Male,217.144.250.24
828,Maxwell,Blesli,mbleslimz@goo.gl,Male,35.231.79.66
829,Archibald,Deluca,adelucan0@vinaora.com,Male,223.72.151.19
830,Enriqueta,Boxen,eboxenn1@vk.com,Female,188.74.164.2
831,Constantia,Jakubovics,cjakubovicsn2@cocolog-nifty.com,Female,91.68.96.44
832,Alastair,Elvey,aelveyn3@princeton.edu,Male,29.208.185.38
833,Clemence,Benois,cbenoisn4@wisc.edu,Female,114.81.44.244
834,Gus,Gurrado,ggurradon5@tinyurl.com,Female,203.15.83.180
835,Arlene,Philbin,aphilbinn6@sfgate.com,Female,193.18.133.239
836,Thorndike,Brock,tbrockn7@1688.com,Male,243.207.66.6
837,Erick,Pehrsson,epehrssonn8@huffingtonpost.com,Male,162.156.25.48
838,Spence,Pioch,spiochn9@examiner.com,Male,53.191.142.14
839,Pavia,Alves,palvesna@addthis.com,Female,215.84.220.233
840,Wait,Veque,wvequenb@abc.net.au,Male,70.156.145.153
841,Diane-marie,Roberds,droberdsnc@house.gov,Female,167.245.27.150
842,Gigi,Arnholdt,garnholdtnd@google.fr,Genderqueer,66.232.161.167
843,Dreddy,Robak,drobakne@odnoklassniki.ru,Female,53.72.79.148
844,Christy,Camelia,ccamelianf@tamu.edu,Male,218.252.153.113
845,Rockey,Severy,rseveryng@salon.com,Male,238.130.27.31
846,Orlan,Sebborn,osebbornnh@dropbox.com,Male,174.176.82.164
847,Rudy,Orbell,rorbellni@yellowpages.com,Male,27.16.190.205
848,Chaddy,Withull,cwithullnj@cnet.com,Male,205.186.191.101
849,Yankee,Hause,yhausenk@blogger.com,Male,183.184.97.163
850,Odelle,Saltmarsh,osaltmarshnl@webeden.co.uk,Female,213.15.238.44
851,Pattin,Hamlett,phamlettnm@arstechnica.com,Agender,105.34.174.137
852,Seward,Filippello,sfilippellonn@state.gov,Male,125.138.234.185
853,Violetta,Rivilis,vrivilisno@businessinsider.com,Female,219.157.43.190
854,Belinda,Grotty,bgrottynp@nymag.com,Female,151.159.17.241
855,Avigdor,Gravenor,agravenornq@pagesperso-orange.fr,Male,211.217.155.201
856,Courtney,Pethrick,cpethricknr@ucsd.edu,Female,178.17.176.47
857,Riccardo,Brotherick,rbrotherickns@google.com.hk,Male,114.87.0.7
858,Gayle,Rosenschein,grosenscheinnt@e-recht24.de,Female,162.112.76.160
859,Brena,Gatlin,bgatlinnu@intel.com,Female,245.3.159.132
860,Gail,Dondon,gdondonnv@so-net.ne.jp,Female,81.85.69.188
861,Elladine,Ridulfo,eridulfonw@networksolutions.com,Female,110.234.121.245
862,Hunt,Pacquet,hpacquetnx@jigsy.com,Male,14.31.224.151
863,Angeli,Coopey,acoopeyny@nydailynews.com,Male,41.88.92.203
864,Calhoun,Meininger,cmeiningernz@twitpic.com,Male,153.229.114.92
865,Ricca,Guare,rguareo0@slideshare.net,Female,254.0.65.230
866,Melodie,Cormack,mcormacko1@ted.com,Female,0.214.184.122
867,Alexa,Trodler,atrodlero2@accuweather.com,Female,1.33.60.107
868,Ulick,Fargie,ufargieo3@foxnews.com,Male,4.48.155.78
869,Ginevra,Fronsek,gfronseko4@reddit.com,Female,153.239.136.178
870,Elroy,Walling,ewallingo5@github.io,Male,188.158.17.9
871,Beret,Seabrook,bseabrooko6@ca.gov,Female,101.147.90.77
872,Tracie,Spilisy,tspilisyo7@fc2.com,Male,228.3.221.168
873,Beaufort,Cheverell,bcheverello8@google.co.jp,Male,43.108.109.26
874,Hillard,Vitet,hviteto9@seesaa.net,Male,139.253.44.110
875,Darell,Lenox,dlenoxoa@dion.ne.jp,Female,244.244.115.38
876,Susanetta,Joskowitz,sjoskowitzob@eepurl.com,Female,75.184.47.65
877,Bert,Winks,bwinksoc@blogtalkradio.com,Male,3.12.44.221
878,Robyn,Vagg,rvaggod@go.com,Female,209.160.68.58
879,Gannie,Juara,gjuaraoe@arizona.edu,Male,101.108.241.205
880,Fay,De Bruijn,fdebruijnof@yellowpages.com,Female,76.112.166.105
881,Blanch,Odcroft,bodcroftog@oaic.gov.au,Female,43.127.96.14
882,Delilah,Maes,dmaesoh@gmpg.org,Polygender,17.19.181.247
883,Carry,Wratten,cwrattenoi@pbs.org,Female,106.223.244.10
884,Nicholle,Lowseley,nlowseleyoj@infoseek.co.jp,Female,138.162.219.214
885,Sandi,Rosedale,srosedaleok@disqus.com,Genderfluid,16.126.152.99
886,Tarra,Elvy,telvyol@hubpages.com,Female,163.84.94.95
887,Oralla,Strond,ostrondom@geocities.com,Female,87.200.22.181
888,Flin,Dowdle,fdowdleon@fda.gov,Non-binary,176.223.86.245
889,Candida,O'Neary,conearyoo@chronoengine.com,Female,238.1.24.110
890,Oliver,Colleck,ocolleckop@wikispaces.com,Male,79.176.227.215
891,Ros,Glentz,rglentzoq@engadget.com,Female,203.239.244.236
892,Chandra,Jancy,cjancyor@pbs.org,Female,82.222.161.107
893,Agosto,Nys,anysos@google.com.br,Male,55.113.93.55
894,Templeton,Gridon,tgridonot@accuweather.com,Male,177.69.153.33
895,Silvia,Malsher,smalsherou@hexun.com,Female,164.56.153.117
896,Ofella,Pinckard,opinckardov@narod.ru,Female,213.18.66.254
897,Kathryne,Peidro,kpeidroow@bloomberg.com,Female,158.28.237.235
898,Toma,Brahan,tbrahanox@naver.com,Female,121.38.215.58
899,Lorry,Drakeford,ldrakefordoy@zimbio.com,Male,164.125.83.182
900,Tomas,Have,thaveoz@businessinsider.com,Non-binary,108.196.110.76
901,Jessee,Cluely,jcluelyp0@printfriendly.com,Male,43.38.255.20
902,Jeanna,Crafter,jcrafterp1@ed.gov,Female,251.1.104.89
903,Leonerd,Stammer,lstammerp2@bloomberg.com,Non-binary,138.211.86.131
904,Georgie,Doel,gdoelp3@oaic.gov.au,Male,47.94.60.65
905,Siegfried,Veryan,sveryanp4@oracle.com,Male,7.103.8.100
906,Wenonah,Rubinowicz,wrubinowiczp5@wiley.com,Female,210.122.202.108
907,Quentin,Backwell,qbackwellp6@hibu.com,Male,26.213.232.67
908,Marsh,Hargerie,mhargeriep7@cpanel.net,Male,19.207.204.32
909,Perla,Roxbrough,proxbroughp8@independent.co.uk,Female,185.231.39.237
910,Remus,Stanislaw,rstanislawp9@salon.com,Male,51.70.100.169
911,Juan,Poe,jpoepa@t.co,Male,242.51.111.77
912,Lacee,Espino,lespinopb@statcounter.com,Female,102.162.99.30
913,Lorraine,Ibel,libelpc@mail.ru,Female,42.184.121.156
914,Chelsy,Elix,celixpd@bravesites.com,Genderfluid,17.159.60.55
915,Fabe,Sweed,fsweedpe@bloglovin.com,Male,40.18.93.80
916,Florian,Abramowitz,fabramowitzpf@jigsy.com,Male,140.92.47.37
917,Noel,Orwin,norwinpg@merriam-webster.com,Male,200.122.247.167
918,Gregory,Goschalk,ggoschalkph@addthis.com,Male,120.254.50.232
919,Drake,Grenkov,dgrenkovpi@fc2.com,Polygender,175.167.213.51
920,Pinchas,Gabb,pgabbpj@ifeng.com,Male,205.64.141.176
921,Rebekkah,Caitlin,rcaitlinpk@prnewswire.com,Female,220.140.174.120
922,Quinlan,Sennett,qsennettpl@sphinn.com,Male,238.216.84.114
923,Xaviera,Cogle,xcoglepm@uol.com.br,Bigender,48.45.140.114
924,Rod,Drogan,rdroganpn@lulu.com,Bigender,20.166.229.15
925,Poppy,Eastam,peastampo@twitter.com,Female,32.234.235.46
926,Eb,Farre,efarrepp@ucoz.ru,Male,13.107.17.56
927,Lurleen,Sporner,lspornerpq@state.gov,Female,73.27.231.69
928,Chiarra,McLevie,cmcleviepr@oaic.gov.au,Female,126.31.23.152
929,Bennie,Wapplington,bwapplingtonps@mozilla.org,Male,1.101.83.203
930,Bianca,Chaves,bchavespt@mysql.com,Female,61.54.161.167
931,Teodora,Faulkner,tfaulknerpu@flickr.com,Female,196.235.33.212
932,Dukie,Bugdell,dbugdellpv@yandex.ru,Male,135.9.248.248
933,Englebert,Rickson,ericksonpw@wikispaces.com,Male,17.241.244.78
934,Rafaello,Venners,rvennerspx@tinypic.com,Male,227.88.107.244
935,Rhetta,Champe,rchampepy@bbb.org,Female,0.153.57.238
936,Eydie,Ethington,eethingtonpz@abc.net.au,Female,95.31.87.99
937,Walt,Ottley,wottleyq0@hc360.com,Male,88.30.161.245
938,Rabbi,Clayworth,rclayworthq1@goodreads.com,Male,135.51.9.104
939,Georges,Verzey,gverzeyq2@4shared.com,Male,159.88.70.61
940,Otho,Northgraves,onorthgravesq3@e-recht24.de,Male,108.208.11.6
941,Zitella,Peddar,zpeddarq4@tiny.cc,Female,59.74.93.255
942,Jennee,Rubury,jruburyq5@slashdot.org,Non-binary,207.77.107.69
943,Alvina,Matyas,amatyasq6@histats.com,Female,185.178.108.201
944,Mark,Fairest,mfairestq7@mozilla.com,Male,234.151.71.14
945,Amata,Hovington,ahovingtonq8@purevolume.com,Female,51.154.221.148
946,Alvan,Exer,aexerq9@msn.com,Male,159.48.87.152
947,Danice,Balstone,dbalstoneqa@constantcontact.com,Female,189.143.80.235
948,Corny,Beaudry,cbeaudryqb@sourceforge.net,Male,146.34.236.225
949,Charmian,Every,ceveryqc@umich.edu,Female,12.1.226.144
950,Nataniel,De Domenicis,ndedomenicisqd@geocities.com,Male,175.125.9.184
951,Sean,Bartels,sbartelsqe@nsw.gov.au,Bigender,214.161.28.4
952,Geri,Longland,glonglandqf@unicef.org,Female,108.113.183.254
953,Jilleen,Breakey,jbreakeyqg@goo.ne.jp,Female,143.206.38.176
954,Lethia,Arnli,larnliqh@booking.com,Female,86.28.152.117
955,Rafferty,Camillo,rcamilloqi@pcworld.com,Male,14.18.11.91
956,Andriette,Wandrach,awandrachqj@jimdo.com,Female,16.235.184.71
957,Yehudi,Berka,yberkaqk@dyndns.org,Genderfluid,136.200.46.47
958,Denyse,Bleaden,dbleadenql@blinklist.com,Female,54.122.57.157
959,Will,Parell,wparellqm@toplist.cz,Male,211.65.240.31
960,Lemmy,Pinar,lpinarqn@baidu.com,Genderqueer,186.24.142.193
961,Pammie,Cauldfield,pcauldfieldqo@theatlantic.com,Female,184.91.241.57
962,Petr,Braunstein,pbraunsteinqp@archive.org,Male,226.126.216.199
963,Gibbie,Baskwell,gbaskwellqq@cbslocal.com,Male,89.202.197.18
964,Shelby,Goggey,sgoggeyqr@google.es,Male,144.27.133.116
965,Alessandra,Mullard,amullardqs@ask.com,Female,44.39.206.205
966,Torey,Vida,tvidaqt@wiley.com,Female,211.30.82.56
967,Joelie,Papis,jpapisqu@narod.ru,Genderqueer,169.66.172.9
968,Leonerd,Gut,lgutqv@posterous.com,Male,207.152.13.102
969,Robbie,Bonsall,rbonsallqw@cafepress.com,Female,203.14.67.93
970,Casper,Blaik,cblaikqx@deviantart.com,Male,159.55.130.23
971,Christan,Chaster,cchasterqy@blogs.com,Female,12.200.219.247
972,Mildrid,Goose,mgooseqz@ezinearticles.com,Bigender,234.40.92.119
973,Thornie,Lanon,tlanonr0@ed.gov,Polygender,91.135.219.86
974,Ogdan,Surgenor,osurgenorr1@abc.net.au,Male,249.143.157.227
975,Midge,Boschmann,mboschmannr2@liveinternet.ru,Genderfluid,50.94.49.11
976,Nicolette,Jakoviljevic,njakoviljevicr3@google.com.hk,Female,189.253.33.180
977,Paddie,Hartnell,phartnellr4@weibo.com,Male,0.26.184.204
978,Joela,McSkin,jmcskinr5@timesonline.co.uk,Female,155.166.188.80
979,Fedora,Ketteringham,fketteringhamr6@spotify.com,Female,98.133.170.227
980,Clim,Teall,cteallr7@yellowpages.com,Male,164.254.213.16
981,Walden,Towlson,wtowlsonr8@google.cn,Male,165.246.121.89
982,Baillie,Ivshin,bivshinr9@house.gov,Male,208.29.1.248
983,Peggy,Meritt,pmerittra@homestead.com,Female,24.198.105.115
984,Iormina,Overshott,iovershottrb@seesaa.net,Female,169.158.21.58
985,Stephannie,Wigin,swiginrc@tiny.cc,Female,208.77.141.4
986,Liesa,McRae,lmcraerd@ifeng.com,Female,1.127.235.153
987,Marguerite,Durnan,mdurnanre@xrea.com,Female,70.112.139.193
988,Dirk,Leteurtre,dleteurtrerf@dell.com,Male,190.69.125.255
989,Christophorus,Twitchett,ctwitchettrg@thetimes.co.uk,Male,179.29.7.174
990,Pail,Buzek,pbuzekrh@fc2.com,Male,90.129.89.167
991,Iolande,Timmis,itimmisri@vk.com,Female,62.77.205.66
992,Zena,Grzelewski,zgrzelewskirj@cnbc.com,Genderfluid,250.72.124.126
993,Wright,Baird,wbairdrk@ft.com,Bigender,110.132.224.76
994,Aldous,Sandars,asandarsrl@cdc.gov,Male,242.25.104.26
995,Jennie,Drewson,jdrewsonrm@csmonitor.com,Female,147.136.104.188
996,Ethe,Ruthven,eruthvenrn@webeden.co.uk,Male,223.154.7.67
997,Dalis,Patching,dpatchingro@de.vu,Male,122.90.82.60
998,Buck,Garatty,bgarattyrp@opensource.org,Male,204.108.11.244
999,Sid,Vanyard,svanyardrq@house.gov,Male,189.242.132.193
1000,Ilene,Ohlsen,iohlsenrr@icq.com,Female,37.180.136.162
